<code_scheme name="Default" version="173">
  <codeStyleSettings language="JAVA">
    <option name="KEEP_LINE_BREAKS" value="false" />
    <option name="BRACE_STYLE" value="2" />
    <option name="CLASS_BRACE_STYLE" value="2" />
    <option name="METHOD_BRACE_STYLE" value="2" />
    <option name="LAMBDA_BRACE_STYLE" value="2" />
    <option name="ELSE_ON_NEW_LINE" value="true" />
    <option name="CATCH_ON_NEW_LINE" value="true" />
    <option name="FINALLY_ON_NEW_LINE" value="true" />
    <option name="IF_BRACE_FORCE" value="3" />
    <option name="DOWHILE_BRACE_FORCE" value="3" />
    <option name="WHILE_BRACE_FORCE" value="3" />
    <option name="FOR_BRACE_FORCE" value="3" />
    <option name="ENUM_CONSTANTS_WRAP" value="2" />
    <option name="WRAP_ON_TYPING" value="0" />
  </codeStyleSettings>
</code_scheme>