<application>
  <component name="libraryTable">
    <library name="BaseMod">
      <CLASSES>
        <root url="jar://D:/IdeaProjects/lib/BaseMod.jar!/" />
      </CLASSES>
      <JAVADOC />
      <SOURCES />
    </library>
    <library name="desktop-1.0">
      <CLASSES>
        <root url="jar://D:/IdeaProjects/lib/desktop-1.0.jar!/" />
      </CLASSES>
      <JAVADOC />
      <SOURCES />
    </library>
    <library name="ModTheSpire">
      <CLASSES>
        <root url="jar://D:/IdeaProjects/lib/ModTheSpire.jar!/" />
      </CLASSES>
      <JAVADOC />
      <SOURCES />
    </library>
  </component>
</application>