<application>
  <component name="FindSettings">
    <option name="customScope" value="All Places" />
    <option name="defaultScopeName" value="All Places" />
    <option name="localWholeWordsOnly" value="true" />
    <option name="LOCAL_WHOLE_WORDS_ONLY" value="true" />
    <option name="SEARCH_SCOPE" value="All Places" />
    <mask>*.properties</mask>
    <mask>*.html</mask>
    <mask>*.jsp</mask>
    <mask>*.xml</mask>
    <mask>*.java</mask>
    <mask>*.js</mask>
    <mask>*.as</mask>
    <mask>*.css</mask>
    <mask>*.mxml</mask>
    <mask>lua_app.lua</mask>
    <mask>Friend.lua</mask>
    <mask>.lua</mask>
    <mask>player.lua</mask>
    <mask>*.lua</mask>
    <mask>MapMgr.lua</mask>
    <mask>Welfare.lua</mask>
    <mask>guildconfig.lua</mask>
    <mask>*.config</mask>
  </component>
</application>